user_id,user_id,item_id,item_id,timestamp,rating,review,sentences
A1VDKIKK9U4VKT,A1VDKIKK9U4VKT,B001IEWX2A,B001IEWX2A,1364428800,4.0,This toy has been discontinued by Fisher Price. It is one I think they should improve and bring back. The only real downfall to this toy is the open back. You drop the letters in and they fall right out the back. My baby got this toy for Christmas and she loves it. The little birdie on the top is super cute. My baby prefers the letters to the package. She can certainly sit and play with it for long periods of time. Very nice toy.,['very nice toy']
A1WHS75R55GWQL,A1WHS75R55GWQL,B004CVJQJY,B004CVJQJY,1358640000,4.0,This is a very cute toy.  Priced decently.  The only drawback is that the dolls fall out if you don't strap them in and they are a bit of a pain to get strapped down.  Otherwise this is a cute addition to the Lalaloopsy sets.,['This is a very cute toy']
A3FKPBNI7UWQFW,A3FKPBNI7UWQFW,B0041G2YN0,B0041G2YN0,1365292800,4.0,"I picked up this game when our son was still too young for it (1.5 yrs old, but loves to build stuff), but have since brought it out when we had house guests with 5-6 yr olds. The older kids enjoyed this game for about an hour, then became bored with it.",['5 yrs old']
A2YSWNMW4E78GF,A2YSWNMW4E78GF,B004GEBSK2,B004GEBSK2,1335744000,5.0,"We received this as a gift for our son.  There are not a lot of features, and it is a little hard for him to open, but both my boys play with it a lot.  The pieces are big enough that I don't have to worry about my youngest choking on them, and my oldest is three now and still plays with it.  We've had the toy for two years now and it has held up through quite a beating, and still looks new. It can be purchased a lot cheaper at other stores than for what it is listed here.  Great value for the money.  We actually bought another one to keep at grandparents home for a good toy when we visit.  We paid $12 or $13 for it.",['Great value for the money']
A3AE2LAXSIML73,A3AE2LAXSIML73,B00G4VN3EY,B00G4VN3EY,1397779200,5.0,"Wow, what a great deal.  These dresses are adorable.  Considering the price I have no complaints.  Thank you very much!",['what a great deal']
AWYV2R69Z0GSG,AWYV2R69Z0GSG,B00BZ8KN94,B00BZ8KN94,1385510400,4.0,"Cute game.  Basically, there are several compartments that you can peak into and find treasures (you have to find treasures that match the cards).  What makes it interesting, is that you can shake the box and have all the treasures shift to a completely different place, even to a different compartment.  It's basically a Look & Find that continually changes.  My 4 and 6 year old girls both enjoyed it.  We just opened the box so I can't speak to its staying power but I suspect it will be a keeper.",['cute game']
A34BGBLEA2522I,A34BGBLEA2522I,B000FKCYAO,B000FKCYAO,1358294400,5.0,This is the best stroller I've bought. I've gone through to strollers that break with in the week of buying them. This one is strong...caught my three year old pushing her two year old sister in it with no issues. Worth every penny!,['Worth every penny']
A1LZI9TLEJ3405,A1LZI9TLEJ3405,B002WB7WQ0,B002WB7WQ0,1379808000,5.0,"Thomas pieces are just right for little fingers to play with, and carry around in a pocket!  Good buy !",['Good buy']
A2TJQUPTZOD7QE,A2TJQUPTZOD7QE,B004FSE52C,B004FSE52C,1370044800,4.0,"this is a fun game, picked it up on a gold box deal of the day sale and the price was right.",['This is a fun game']
A303DPVG2ULRF3,A303DPVG2ULRF3,B000NDMDHC,B000NDMDHC,1372377600,4.0,"It works if you have friends that do not mind laying a smack down or just play out of spite, good times :)",['good times']
A1QT3N5FUQ4I47,A1QT3N5FUQ4I47,B000FIOB2A,B000FIOB2A,1295654400,5.0,"I have no complaints about this ""trike"". It seems durable and sturdy and went together well. My son's interested in it and loves to ring the bell. For all that, I give 5 stars.However, it might be helpful for some parents to hear that my son is around 30"" and is really too short to ride this. He is small for his age... measured 29.5 a couple of weeks before we gave it to him. It's been another month and I think he's grown, and still can't really reach the floor if he's on the seat. On the other hand, I don't know that there are any similar options for shorter kids, so no regrets about buying this one, just thought that might be helpful info for some parents.",['On the other hand']
A265IEMG2K5R4W,A265IEMG2K5R4W,B00ANKD7V6,B00ANKD7V6,1383523200,5.0,"My wife is a puzzler, and there's kind of a limit to how many puzzles I can get her without getting bored with it. But this little doodad really fit the bill! It has 6 durable and flexible plastic trays in the shape of puzzle pieces. They are stackable, so you can use them in minimal space. The box calls them ""interlocking"" or some such thing, but that's not to be confused with the reality that they don't actually ""lock"" together; they just lay nicely, shape to shape. This does help somewhat with stability on the table top, as you have to move all to move one, rather than having them just shift at any touch. And I know enough about puzzles to know that shifting leads to groaning and words. Anyway, they're stored in a really nice (not cheapo) puzzle-type box, so they can store in your puzzle closet. I'm assuming you have a puzzle closet, because you're reading this review. She's happy, I'm happy. Definitely a win-win. Good product.","['Good product', ""I'm happy""]"
A3LC0ZUZGZTGBV,A3LC0ZUZGZTGBV,B004S6BXNA,B004S6BXNA,1380240000,4.0,"This toy is very durable.  I babysit and one of the boys is VERY rough on toys and he plays with this often, throwing it down banging it etc..it still works perfectly.  The only thing I hate about this toy is the volume.  It has a low and loud but the loud is Super loud and the low is loud.  Usually toys noises don't bother me but this one can be a bit obnoxious.",['This toy is very durable']
A3LMPD1ZQTWOC4,A3LMPD1ZQTWOC4,B0083SSLRU,B0083SSLRU,1363132800,5.0,"I just finished doing this bag with my daughter.  She has just started coming into the world of American Girl and was very excited when I showed her this box and eager to get started.  Upon opening the box, I was surprised to see such a nice canvas cinch sack.  It seems very sturdy and well made.  4 sheets of iron-ons are included, though two sheets are taken up with the alphabet.  My daughter loved the fact she was going to be able to put her name on the bag.  My daughter is almost six, a little younger than the recommended age of 8.  So I cut apart all of the transfers and let her arrange the pictures and letters on the bag how she wanted so I could iron them.  I would recommend ironing the bag before beginning this process as it would have made it a little easier to lay the pictures out and not have to move them to iron the folding crease out.  Next time, I would also lay everything out on the ironing board and let her design it there because it was hard to move the bag from the counter to the ironing board in the next room without moving her design around.  The transfers ironed on pretty easily.  The instructions recommend using an ironing cloth over the plastic.  I just used a thin wash cloth and it worked great.  As we were peeling the plastic off the transfers, a few looked as though they might not stick to the bag.  But we just laid the plastic back down and re-ironed those spots.  The plastic peeled off the bag perfectly leaving every piece of artwork in tact.  It is a very cute and sporty looking bag.  We will leave it laying flat to bond for the next 24 hours, as recommended, and then she will be ready to use it.  Overall, a well made craft and cute results.  Now I'm going to need another for my other daughter.",['next time']
A3NEAETOSXDBOM,A3NEAETOSXDBOM,B007HZ9PZ2,B007HZ9PZ2,1346198400,4.0,"My 20 month old granddaughter likes to see the puppy's nose light up when she touches it, to ""feed"" the puppy with the included blocks, and to listen to the music.Although this is a cute toy, keep some things in mind.1. As other reviews have noted, it is not easy to sit on this puppy while on carpet and try to ride it. My granddaughter no longer bothers trying.2. The cover that pops up to convert this to a push toy is not something a child can easily do; I have trouble myself sometimes. Other reviews have noted this. Also this is rather cumbersome to push. My granddaughter prefers to use her little stroller instead, which is much lighter and more easily maneuverable whether on carpet or tile.3. For a riding toy, Fisher Price's Dino the Dinosaur is easier to use.Bottom line: This toy is fun for my granddaughter despite its shortcomings.",['As other reviews have noted']
A2KLFJ0GHM3NFO,A2KLFJ0GHM3NFO,B00A92K0KY,B00A92K0KY,1366156800,5.0,"Beast Hunters Shockwave is one of the best!Shockwave returns in transformers prime more badass than ever.This is the coolest version of the Decepticon scientiest since the G1 days.Shockwave has a perfect blend of the beastly attitude combined with the signature G1 style.The head sculpt on this bad boy is amazingly done to perfection with quality articulation throughout the rest of the transformer overall.The detail in both robot and cybertronian tank mode is awesome as well with perfect prime series accuracy.The Cybertronian Tank mode is one of the coolest and improved vehicle modes for Shockwave since the G1 days as well.Shockwave comes with his signature Hyperflux Cannon for the series which has realistic spinning action that is very simple to activate by pushing the button on the arm.Shockwave uses the left tank tredd to connect to the arm for the complete signature look.Shockwave does come with some cool as hell snap-on beast armor that gives him a more menacing beastly appearence.The beast armor is optional to have on or off,so its all in what you think looks better.The poseability is outstanding with great stability for creating cool battle scenes or displaying this gem where you please.The durability is excellent as well with secure ball joint construction and a solid build in either robot or cybertronian tank mode.All parts fit securely together during the transformation process for one solid constructed transformer overall.The transformation level is intermediate meaning if you have plenty of experience with transformers there is mid-level difficulty.If you are a parent buying for a child of 5-6 you might need to help some in the transformationj process.Honestly Shockwave does have a versatile transformation that 5 and above can learn easily after a little practice.To start off disconnect the tank tredd from the arm.Next you rotate the legs around sideways as the legs then will rotate straight up.Rotate the shins and feet down then rotate inwards.The feet rotate down as the next step involves you sliding the feet forward.Rotate the chest piece down so it's between the legs as the head piece will rotate around.The back piece with the tank tredds rotate out as the two purple sections on the chest area slide outwards.The arm with a hand will rotate down and then in forming a L-shape.The arm will then connect underneath as the weapon arm will do the same above.The weapon piece will connect to the middle part on top.Reconnect the tank tredd and Shockwave is ready to roll into battle!In vehicle mode the Hyperflux Cannon is stationary with no side to side movement,but this is not a big deal for how awesome the overall transformer is.If you are a fan of Shockwave this is one Voyager class version that is a masterpiece of quality that will be a treasure in your world of transformers.Bottom line Transformers Prime Beast Hunters Shockwave is a well-made,high quality,10 out of 10 transformer all fans will enjoy.I highly recommend Transformers Prime Beast Hunters Shockwave to all transformer fans and collectors out there.Shockwave Rocks and Transformers Rule!!!","['high quality', 'The transformation level is intermediate meaning if you have plenty of experience with transformers there is mid-level difficulty', 'The poseability is outstanding with great stability for creating cool battle scenes or displaying this gem where you please']"
AU13W2MG55NNC,AU13W2MG55NNC,B00106CGP0,B00106CGP0,1392681600,2.0,"This is a neat toy, the animals are average Little People quality, meaning the paint on them is a little scuffed and raw on the edges and things. The animals they chose for the aA - Z are nice, not the average ones you may think of. As for the mat the animals can &#34;step&#34; on and the sounds they make, I was not impressed. Most dont sound like what the animal should and it scares my daughter. I wish you could turn the volume up or down, its just one loud sound. The extra snow mountain and safari cave are just put aside and kind of boring. The tree is fun but does not attach from the mat making it poor.Really this is so overpriced it isnt even funny and completely not worth it, I wanted my daughter to have a set of animals like the little people people she has and this was literally the only thing I could find so I bought it. She loves the animals and plays with them everyday, however the rest is sitting in a closet untouched and unfun.",['This is a neat toy']
A215WH6RUDUCMP,A215WH6RUDUCMP,B00CTUGP6W,B00CTUGP6W,1383091200,5.0,"This Advent Calendar really takes the cake! Not only does it take interactive to a whole to level (most simply involve opening the day and earning a piece of candy), this treats your Child to a different surprise each day featuring Angry Birds and adding pieces to their building project! It's super exciting as they continue to count down to Christmas, build up and remake K'nex every day, this definitely holds their attention way more! The best part? No more candy!",['The best part']
A2QQ2GS40R57BU,A2QQ2GS40R57BU,B003LPUCM2,B003LPUCM2,1357689600,5.0,Not only does this hold and protect the MobiGo (which is really all I bought it for) it also has an extra pocket for game storage. It is very easy for my son (who is 3) to open and close and put his games in and out. Great product!,['Great product']
A35MDIBPAX9X7U,A35MDIBPAX9X7U,B004DJ51WQ,B004DJ51WQ,1345161600,5.0,"One of the best educational toys we have purchased. This is a fantastic product that serves as a great introduction to specific skills: sorting, counting, and basic math. It is also a fantastic way to help kiddos develop greater attention, concentration, and focus. Helps with fine motor skills as well.As other reviewers have noted, the toy is well-made, durable, and can be used in imaginative play as well.There is a reason why math teachers LOVE these types of sorting toys. They really are great.",['As other reviewers have noted']
A138A1KMMGH9J4,A138A1KMMGH9J4,B0077NCEWA,B0077NCEWA,1388361600,5.0,"My son really like it, I bought a few of the toys for the Jake's Land. (Boat of Jake and Hook + Figurine Set + Magical Tiki Hideout Playset ). He really love all of them. The material is good.",['The material is good']
A151IA6N46ZMQA,A151IA6N46ZMQA,B00C0ULS3G,B00C0ULS3G,1405036800,5.0,"Great old school drinking game. Hit, drink, hit drink. Sink, pound! Good fun",['Good fun']
A3R6RMXSWHTZHG,A3R6RMXSWHTZHG,B001RNJ8WK,B001RNJ8WK,1325635200,2.0,"This is a cheap product...I don't expect it to last long considering that it's for kids who tend to give it more force than necessary.  After 2 plays, at least 1 of the hippos gets stuck.  Also, it's RIDICULOUS that the game put together does not fit in the box it came in!!!!  They expect your kids to take it apart each time they are done with it and put it back together when they want to use it again.  Really...it's in the directions!  I threw the box away and now have to find a suitable place for the game because there's no way my 4 and 2 year old are gonna do that.  The Hungry Hippos game isn't what it was when I was a kid, that's for sure.","[""that's for sure""]"
A2507ZYWGMY9BK,A2507ZYWGMY9BK,B007HZ9PZ2,B007HZ9PZ2,1346630400,5.0,"(See update for long term impressions)This toy doesn't move well on either carpet or hard surfaces. The wheels are small, cheap, and don't rotate well. They also don't have any tread so the toy just slides instead of rolling.The other major problem is the locking mechanism for the seat that allows it to switch positions. The mechanism requires large hands so a small toddler can't do it. The build quality of the mechanism is very poor because it doesn't securely lock the seat - there is a tremendous amount of ""play"" in each position and it just doesn't feel durable.On the positive side, the plastic shapes have been fun for my 2.5 year old to play with and stick into the puppy's belly or into its mouth. She can reach in on the other side of the belly to pull the shapes out.The music is fun and pleasant (not annoying to parents) and the sound quality is actually very impressive with good intelligibility. There are 3 buttons in addition to the nose button which all light up and are easy to press.Overall, I would say this puppy is fun to interact with but the construction quality is poor. The distinguishing feature of this toy is the ability to ride or push it. Unfortunately, this feature doesn't work well. So what you are left with is a pretty bulky stationary toy. If you have plenty of room in your house, this may not be a big deal. But for most people, a more compact interactive toy would be preferable.UPDATE: I am upgrading this toy to 4 stars because despite the lousy wheels, my 10-month-old who is on the verge of walking has been having fun pushing it around the house. It works better than I thought it would as a ""walker"" and my baby uses it much more than I expected. The music is also motion activated so the dog ""sings"" and shakes its head while being pushed. There have been no issues with durability to date.UPDATE May 2014: After 1.5 years of this toy, my kids (2 and 4 years old) still enjoy playing with it and pushing it all over the place. This is somewhat amazing since they usually get bored of a toy (or break it) in no time. Despite my concerns about the build quality, nothing has broken on this toy and it is in near perfect condition. This toy has stood the test of time and deserves 5 stars (my initial rating was 3 stars).",['On the positive side']
A2QDOJFFLFGF18,A2QDOJFFLFGF18,B000W9OYKQ,B000W9OYKQ,1282694400,5.0,"This was a nice little gift for a birthday and it was a big hit. I like there are no little pieces and the furniture id big, so they dont lie around the floor. You cannot have to many dolls live in the house, but it is fun and we even brought extra rooms to add. Overall a great product.",['Overall a great product']
A382CZ7Z8DWI4O,A382CZ7Z8DWI4O,B00F14IM5K,B00F14IM5K,1399334400,5.0,Great doll.just love the blue hair very hip hair style.my daughter loves him and thinks he is a must have for anyone that is a real monster high collector or monster high fan. very different from the other boys,['Great doll']
ANP5ZZGG9U7KZ,ANP5ZZGG9U7KZ,B000NR4BLY,B000NR4BLY,1280793600,5.0,"Each of the 166 puzzles presents a number of circles, where the solver must place a number of colored chips.  The puzzle comes with one or more clues as to the relationships between the chips (""One of the red chips is directly on the left of an orange chip"", ""A blue chip is somewhere below a white chip"" and so forth).  That's it-- but the puzzles are quite well thought out, varied, engaging, and arranged in difficulty levels sufficient to challenge most children.  As a tool for building deductive and critical thinking skills, it is worth its weight in gold.I am not sure whether there is overlap with the Logic Links books; there are 100 or so puzzles in each book, and 166 total puzzles by comparison here.  Perhaps the boxed set is a ""best of"" from the other books, something to be aware of.  In any event the puzzles would take most children quite some time to work through, so I think this is at least a very good choice for a first pick in the series (you would then be guaranteed to encounter at least some new puzzles in the books).The price works out to pennies a puzzle.  You can't beat this value.  For younger children, I would also check out ""Clever Castle"".",['For younger children']
A3DYEUD88GBYIX,A3DYEUD88GBYIX,B0015YT88A,B0015YT88A,1317513600,5.0,"This kitchen took me two evenings to assemble - with the ""help"" of our 3 year old daughter.  I had to undo and redo 2 sections because I didn't follow the instructions exactly the first time.  If you can, assemble this when someone else is not climbing all over it and taking all the parts out of the labelled container.  When it was all put together - it's fantastic.  Door problems were mentioned by many reviewers.  I don't really know how the doors can fall off if they are assembled according to the instructions - though I can see how they could if you do not use ALL of the screws and bolts.  There are no extra pieces if the instructions are followed.  The kitchen is gorgeous.  The ""dishwasher"" gets used as a cabinet for dishes - since the door opens sideways.  We complemented the kitchen with pots and pans, stoneware dishes, the plastic ""glass"" set and utensils - all from Ikea (great quality and price - only available at the stores, not on-line).  Also, and as it turns out, essential - a smallish handled brush for hand washing dishes.  We also started with the Mellissa and Doug ""food groups"" and have been given some other packaged foods and plastic food items.  This is a great kitchen.  We searched for the tallest one - since on her 3rd birthday last month our daughter was 39.5 inches tall.  She has to stretch and get on her tip-toes to reach the back of the shelf & microwave.  Constant use for a month has resulted in no dings to the finish (my assembling did, however - though could certainly have been avoided).  I would strongly recommend this kitchen to anyone with a tall (or older) child.  Also, the free delivery brought the kitchen to our door in 2 days.",['5 inches tall']
A3171W06FF8EE6,A3171W06FF8EE6,B006O6FJ0A,B006O6FJ0A,1391212800,5.0,"This is so darling!  As soon as I saw it, I knew my daughter would love it.  She loves things that come in special cases, plus this is on wheels!  The handle does come off too easily, but its easy to put back on.  Its easy for her to play with.  She loves to stand Minnie on the stage, watch her twirl and say cute things.  This has been a great toy.  We have been able to fit some other Minnie mouse accessories we previously had purchased in this same case.  Great buy!  Would defiantly recommend this.",['Great buy']
ANCOMAI0I7LVG,ANCOMAI0I7LVG,B00138RVKK,B00138RVKK,1255305600,5.0,"I'm breaking out of my comfort zone here (I usually ONLY review books, movies and music) to review a toy I recently purchased for my daughter (this is the fifth of 5 reviews).  My daughter (who is 2) is IN LOVE with Dora and Diego.  She already has a few Dora dolls (not to mention a bedspread) but I just couldn't resist these little Ty dolls.I actually really like the size.  She can stuff all five of her dolls in her Dora Backpack and take them around the house with her.  She loves to take Swiper to bed with her (I don't advise young ones sleeping with Dora or Diego, beings that their hair is a bit of a choking hazard).  IN FACT, Swiper is the reason I bought these dolls.  For some reason (don't ask me) Swiper is her favorite character on the show.  She is constantly talking about him, getting all excited when he shows up on the cartoon, and when I told her that I ordered her one she kept telling me ""Swiper neeky box (sneaky fox) coming my house!""  When he finally showed up you would have sworn it was raining candy.  She hasn't let him out of her sight since.My one iffy complaint about Swiper is the tail.  It's just so big and heavy and constantly falls over...but she doesn't care so I'm happy.  Someone else complained that the tail came loose, which is what I fear may happen soon, but I won't balk until it does (and even then, I'm sure it's an easy fix).Yes, I gave it only four stars on durability since the ware and tear of a toddler can do some damage.  Boots already is separating at the seams on his legs, so I had to get onto my little one for pulling at his legs.  No, his legs are not falling off, but I can tell that they are getting weak.  So, just watch your little ones to make sure they don't `love these little guys to death'.If your kids love Dora (and especially that neeky box Swiper) you can rest easy knowing that they will LOVE these dolls as well!And a note to parents, these toys are NOT educational; but the show is VERY much so (my kids speaks Spanish!  Like, OMG, I don't speak a word and she converses with me in Spanish at TWO YEARS OLD!!!).","['She can stuff all five of her dolls in her Dora Backpack and take them around the house with her', ""just watch your little ones to make sure they don't `love these little guys to death'"", 'these toys are NOT educational; but the show is VERY much so (my kids speaks Spanish']"
AYLAZUCGWB6IE,AYLAZUCGWB6IE,B001QGUFDO,B001QGUFDO,1261699200,5.0,"Radio Flyers are a classic and a must have for all kids - so we were STOKED to get one for Christmas last year. It's great to use to store toys or cart him around the neighborhood. It's large, very roomy, looks sharp and very classy. Only problem, it's bulky. I've always wanted a wagon that I could pop into my car and take with us to a park or an outdoors Farmer's Market. The wagon would fit, but then I couldn't fit much of anything else. I saw someone with the On The Edge Wagon, asked them what they thought, did some research and had it on my wish list for ages. I finally got one.Pros:It's small. Folds up very flat and compact. No assembly required. Comes FULLY stocked with a storage bin (in the back) - 2 cup holders (in the front) and the canopy. Unlike the Radio Flyer which you have to buy additional accessories. EXCEPTIONALLY ROOMY!! My 1 year old, 2 Bostons (26lb & 27lb) can fit in it without climbing on each other. Steers with ease. IF we took my son out in it, we could lay some blankets on the bottom (it is very firm and I can see it getting to be uncomfortable after maybe 45 minutes sitting in it). The storage bin is large - I can definitely fit my diaper bag and a bunch of other things in it. There is also a ""hook"" that keeps the handle upright so you don't have to ""drop"" it on the ground when you're out. Nice - keeps the handle clean. The system comes with a cover that wraps around it for storage (and keeps it clean).Cons:Kinda smells - it's the packaging so I'm waiting to air it out.Some parts look cheap - like the plastic caps and poles that holds the canopy up. We shall see if it will make it through grabby kiddos. The Canopy sits about 3inches lower than I'd like. not a lot of head room (if your kid's torso is really tall - it may be annoying since they may not be able to see out).Surprises:I didn't expect the bars all to be wrapped in protective covering - the picture on Amazon, has the cross bars exposed. I'm glad it's covered - especially since my kid likes to gnaw on things.Wish List:Wish there were ""jump seat"" features where my kid could be strapped in.More padding on the bottom - or at least an extra insert.For the price point and all the accessories that it comes with, you can't beat it. Very convienent, doesn't take up much space and stylish (for a wagon).","[""It's small"", ""It's large""]"
ASH0DZQQF6AIZ,ASH0DZQQF6AIZ,B0025WYXIG,B0025WYXIG,1325462400,3.0,"I like the looks of this kite and really hoped it would be easy to fly.  I have children who are 3 and 6, and we like to go to the National Kite Festival.  Based on other reviews, it looks like this kite has a minimum and maximum wind speed window in which it likes to fly.  Unfortunately, we were not in that window; winds were too light.  We did get it to fly about 15 to 20 feet high and 30 yards or so away from us.  My 3 year-old was flying it, so people thought it was cute and did not mind walking into the line.  One time, we did get it up high enough to where it caught some good winds and gained altitude... that was nice, but it took some effort to keep it aloft even at altitude.The construction of the kite seems sturdy and the materials feel durable.  It packs up small and is very light.  Just know what type of winds you'll be flying in.  I think it is a good kite overall.  Hopefully we'll get it to the beach some time and try it out there.",['Based on other reviews']
AKJHHD5VEH7VG,AKJHHD5VEH7VG,B0017XEMW6,B0017XEMW6,1261353600,5.0,"I bought this for my son's third birthday. I also purchased the additional two sets of cars that go with it.  Five of us (adults included) played with this for over an hour without and we were all playing at the same time. Six cars, five arms and a ton of laughter. It was so much fun.The assembly process was a bit of a pain. This isn't a toy that can be moved around very easily as the ramps would need to be hooked up again. I do suggest finding a place where it's okay to leave the toy up.  It's not a painful assembly process but it would be annoying if I had to put it all together on a daily basis.User friendly issues:  The only issue is the ramp assembly. Twice my kids have knocked off a ramp and the two smaller kids can't put it back together themselves.  It's an easy thing to correct. Overall there is enough room for little arms to move around to position cars. They've knocked the ramp off when they are rowdy with the toy.Charging the cars on the ramp: I thought it was fun that the cars only go so far and then stop for charging.  There are two charging stations and three pumps and the cars are off again. I don't see this as a con to the playset but a plus.The cars: These are the kind that you pull backwards to charge. The cars can be used without the ramps. I've also seen my 3-year-old move the cars on the ramp with his hands.  They don't HAVE to be ""charged"" to play with.  They are fun and colorful and big enough for little hands.  Again, I see no cons with this.  This set comes with two cars and there are two additional sets of 2 cars that are available for purchase.Sound effects: I have to be honest, they don't bother me but they drive my husband crazy. They aren't necessary to play. If it's a problem, the batteries can be removed.Overall I think this is an excellent toy. Comparison shop for the prices. I found this at a chain toy store on clearance[...]. If I would have known what I wanted to buy as the birthday gift though, I would have just ordered it on here for ease of convenience. My kids (even the 13-year-old) played with this set for hours the night of my son's birthday. The next morning, it was the first thing my son wanted to play with when he got up.  A few days later and it's still the most popular toy in the house.",['It was SO much fun']
A8HUL9LPJWF4L,A8HUL9LPJWF4L,B001543YEY,B001543YEY,1364947200,5.0,"This is a great tea set and very durable.My twins, boy and girl, play with these often and they use water in the tea kettle and cups.No leaking.we love this product!!!And since it's green ...... I feel comfortable about them drinking out of it or eating off the plates.Well done!!!Great toy!!Will last forever.",['Great toy']
A16IQIEFLGEQCB,A16IQIEFLGEQCB,B0017VRTCI,B0017VRTCI,1377820800,5.0,Grandson loves it.  Bright and cheery colors.  3 year old playing with items and holding up very well. Great Item!,['great item']
ABTKLCZQ5I1QX,ABTKLCZQ5I1QX,B006WAIIM4,B006WAIIM4,1342483200,5.0,"This doll is so great.  I love everything about her.  She has great hair, plus the mask is cute.  I was impressed that they gave her art work on her left arm, which that was a first.  Plus if you choose to take her mask off they gave her a scar, which is why she is in need of a mask.  I just bought my 2nd one she is so good.  As far as educational value goes, this doll seems to pack a lot of punch.  Not only is she educational as to who her father is, but where her name is Operetta I think it's inspirational and teaches girls that they can do anything they want to, and girls are just as good as boys are.  I was really impressed by this doll.  Recommended beyond words!",['As far as educational value goes']
ADYR709YFUVPF,ADYR709YFUVPF,B000FK3WDC,B000FK3WDC,1388534400,5.0,5 year old loves this. Driving his parents nuts. Great fun. Perfect for young and old. He is helping the ninja turtles fight crime.,['Great fun']
A3SXKYRPNCIJL5,A3SXKYRPNCIJL5,B001OXRTX8,B001OXRTX8,1357084800,5.0,"My grand-daughter loves doing crafts learning new things so this was perfect for her,so many colors to choose from it gets their minds going. Good buy!!",['Good buy']
AFXYJ65KSX8QH,AFXYJ65KSX8QH,B0016BRD16,B0016BRD16,1235865600,5.0,very cute doll. my 4 year old just loves it. batteries seem to last a while. it has been 3 months and still have the same set in. fun and worth the money,['Very cute doll']
A3H22U1E3JV2NM,A3H22U1E3JV2NM,B000TTPEXU,B000TTPEXU,1227398400,5.0,"My son just got this for his birthday. I wanted him to have a game that was not only fun, but that he could learn from. My son has autism and my goal for this game was to work on his listening skills and turn taking.  It's funny how he doesn't listen when I tell him something but when this game talks, he listens. He had a ball running around to all the targets. My son hasn't spent that much time playing a single game in his life!I had a ball playing it too.  This game is so much fun!",['This game is so much fun']
A20GBVCS8IW72S,A20GBVCS8IW72S,B006CD0G0I,B006CD0G0I,1372636800,5.0,"Its the original my little pony. Good quality. Its like the little sisters of the normal ponies, that's what I was told by my daughter.",['Good quality']
AWMUKP0HKLU2X,AWMUKP0HKLU2X,B0014GTZ0U,B0014GTZ0U,1260144000,5.0,Great stocking stuffer. Durable 'lion man' can fight with all the other guys..even King Kong! Great imaginary thing.,['great stocking stuffer']
A2NS3IPJV3SRAK,A2NS3IPJV3SRAK,B0017RQYDC,B0017RQYDC,1220832000,5.0,"I remembered how much fun CLUE was when I was younger and decided to purchase it for my younger siblings (we often have game nights at my apartment with ages 8-40+). This game is recommended for ages 9+ and 3-6 players (although you could do more if you wanted to do teams).If you are a die-hard CLUE fan you may not like the updates. The most annoying updates (I found) was changing the careers of the characters. I still refer to mustard as ""Col. Mustard"" and ""Mrs. White"" as the maid (who is now a childhood star?"" Personally, it's a bored game and the characters can be whoever you want them to be so it's not that big of deal (this is where the die-hards may not like it.)Game Play:The idea is the same as the original clue. The name of one person, one weapon and one room is put into the yellow confidential pouch and put aside until the end of the game. The rest of the ""rumor"" cards (which list people, weapons, and rooms) are equally handed out to the players. (As a note if we have an unequal amount we have a roll off to see who gets the remaining card (or two) by seeing who can roll doubles first... this is a fair and easy way to get all the cards distributed.)Once you receive your cards you mark off all the cards you have in your hand on the CLUE sheets secretly. You choose which character you want to be. (Choices: Scarlet, Mustard, White, Green, Peacock, and Plum). The character you choose gets a special character card and once per game you can use their ""power"" (example ""get an extra roll of the dice"" or ""move to a room you're not in""...) this is okay, but I personally don't think it adds too much to the game.Some of the weapons have changed and the mansion has been updated. The weapons now are ""bat, pistol, candlestick, knife, robe, axe, dumbbell, poison, and trophy."" While some people hate that the wrench was replaced with a trophy, my (high school aged) sister loves it and has been hoping every game that it would be the murder weapon. (Not yet :))You roll the dice and move the number of spaces until you get into a room. In the room you can start a rumor blaming a person, weapon, and the room you are in. (For example I think Mrs. Scarlet did it, in the Hall, with the Knife.)Everyone else must look at their cards and if they have one of the ones you said show it to you alone. You secretly mark it down on the Clue sheet. The catch is they only show you one. They may have all three or two of them.The addition to the game that we really enjoyed are the intrigue cards. If you roll a ""?"" mark, land on a ""?"" mark, or, if you were moved during your turned (being blamed for a murder) you can choose to pull one. Most of them are positive saying things such as ""the player to your right must show you a card"" or ""you can take another turn, roll again"", 8 of the cards are not. There are 8 clock cards mixed in the pile. The idea is that the murder has not happened yet and you are trying to figure out the case before the host of the party dies (this is different from the first game as the host has a chance of living.)This adds a lot of fun. Once 7 clock cards have been pulled, no one wants to be the person who pulls the 8th clock card and kills the host so it gets interesting! The game rules say if you pull the 8th clock card you are out of the game. We made a house rule and don't follow this (no one likes to sit and watch everyone else play.)When the person thinks they've figured out the mystery they have to move their piece to the pool. This can be interesting itself because someone can move you to a room (during their turn if they blame your character for the murder) and you can have a difficult time getting to the pool. Once in there the person says (for example, ""I think Mr. Plum, in the Spa, with the Poison"")... They then look at the cards in the confidential folder privately. If right they win the game, if wrong they put the cards back in the folder and are ""out"" for the rest of the game.Pros:*The ""Suspicion"" cards with the 8 clock cards add a lot of fun and a little bit of pressure to figure it out more quickly. We really enjoy this aspect of the game.*The updates, for the most part, are pretty cute although most of them don't affect the game play*Same basic premise of the original game*This game seems to never get old and is accepted pretty well by everyoneCons:*Really these are personal quirks but I liked the original names of the characters... We still call him Col. Mustard lol*My sister doesn't like the new game pieces... Instead of pieces that look like the characters, they are plastic question marks in the color of their names (example: Mustard=Yellow). Not terrible, but I guess could be better*Murder is both taken lightly and discussed throughout the game, but that should be a given as it is a CLUE murder game. Some might find this to be a problem, though.We love this game and really enjoy the 8 clock countdown aspect of the play. Def. recommend.",['for the most part']
A1S1BJFTA644TU,A1S1BJFTA644TU,B00146G706,B00146G706,1382400000,4.0,"So the worst thing about this toy needs to be addressed right away: the puzzle pieces are a thick cardboard.  Not flimsy, but not Melissa and Doug quality wood.  That sucks.  Because if you have a rough little one who likes to bend things in half or gnaw on things, you might lose a few pieces.  Still, they are too durable for a 17th month old or a two year old to break.  But as soon as your toddler starts getting strong, he/she might break a couple pieces.  There are no choking hazards in the box, unless your toddler gnaws off a hand.  Which will not be EASY, but it is doable.The box which holds the pieces is wood.  The puzzle board top to the box is wood, but the side with the outlines is a sheet of that strong cardboard.  This is stupid.  It should be one wooden piece.Otherwise, the puzzle is a joy for toddlers new to puzzles.  The variety of pieces fascinates them and keeps them busy for quite a while.  They are chunky and easy to handle.  The art is colorful and cute.  The varying faces help teach emotions.  The various clothing combinations teach sorting and fashion ( I suppose).So, for the price, it's a good buy.","[""it's a good buy""]"
A1NA2I8KSZCDUQ,A1NA2I8KSZCDUQ,B000NW5RWQ,B000NW5RWQ,1200009600,5.0,"This is the 3rd version of the ocean wonders aquarium we've bought over the years, and this is the best one yet.  From the visuals to the (especially) the excellent volume control and remote control, our new 3 month old already  loves this.  Would highly recommend for encouraging any baby's attiontion and comfort in their crib.  (We also liked the birdie one from '04, if they are even still selling that one).  Great buy!",['Great buy']
A3FNZ1APZYGMNA,A3FNZ1APZYGMNA,B006CD0ADQ,B006CD0ADQ,1361232000,5.0,"Ok so first a little background on this guy.after the death of the original Captain America Steve Rogers. Tony stark Fafiling a promise made to Rogers. Brings Bucky Barns in as the new CAPTAIN AMERICA!THINGS I LIKE ABOUT THE FIGURE!1. PAINT JOB!The matalic red white and blue on blackIs my favorite color scheme for Captain America.2.UTILITY BELT!this figure is complete with a utility belt.Gun Holster, knife sheath, pockets.3.ACCESSORIES!Gun, knife shield.4.FACE SCULPT!The face sculpt on this guy is actually betterthan the diamond selects version.THINGS I DON'T LIKE ABOUT THE FIGURE!1.THE SHIELD THAT CAME WITH HIM!Problem is easily solved by switching it with another shield.I absolutely love this figure and recommend it to fans of Captain America, and people who just want a great figure!THANKS FOR READING!IF THIS REVIEW WAS HELPFUL TO YOU PLEASE LEAVE A COMMENT!",['IF THIS REVIEW WAS HELPFUL TO YOU PLEASE LEAVE A COMMENT']
A1WDDZTSP0F3KE,A1WDDZTSP0F3KE,B009VR1IV8,B009VR1IV8,1357948800,5.0,"This set came in a Lego brand plastic bag with the picture of the train on it. Instructions were easy to follow. Train Attaches together securely. Quality pieces you expect from Lego. Just have to keep it out of reach of younger siblings because pieces do fall off but are put back together easily. Overall I give this set a 5 star rating for duribily, quality time for assembly, and for the fact that it is an actual rolling train, not just a non-working display piece.",['Instructions were easy to follow']
A2Z60PVKWFO3SW,A2Z60PVKWFO3SW,B000LRLA1U,B000LRLA1U,1193529600,5.0,"This is a great learning toy;  the books are more simplistic and less busy than the regular LeapPad books, and it would be a perfectly good toy for kids aged 18 mos - 3 or maybe even 4.However, I recommend you at least consider the LeapPad because it will have a longer lifespan.  In our home, the LeapPad is still being used by our 3rd grader.  And my youngest son hardly ever played with his ""My First LeapPad"" when he was a toddler, preferring his siblings' LeapPad.Another reason to look at the regular LeapPad is that the regular books also start at pre-K, and contain far more activities and games than the ""My First LeapPad"" books.On the other hand, the ""My First LeapPad"" books are sturdier, more like board books, whereas the regular books are a just a thick, high quality paper.And if you are not concerned with longevity or don't wish to invest the extra $ for the regular LeapPad, your young child is bound to enjoy this pared down version.One other thought, one of my kids tended to absently chew the cord on the pen if he wasn't supervised.  I wrapped them with tape and the pens continued to work, but if you have a child who tends to put things in their mouth or who is teething, you will want to supervise the use of this toy.",['On the other hand']
A5BXA4BQOK0S2,A5BXA4BQOK0S2,B003FHXMDC,B003FHXMDC,1372118400,5.0,"It's plastic, but well built. The batteries are easy to install if you know how to read/follow the instructions. The spring is very powerful which makes it feel even better when you pop out the claws. The sounds are nice and loud and you can't even see the speaker. Great fun!",['Great fun']
A7BQB93ZWUII3,A7BQB93ZWUII3,B009Z7E8I4,B009Z7E8I4,1386460800,5.0,"Great toy, sturdy. Lived up to the Play-Doh name. I like the new doh that comes with, ended up buying another pack of the doh.",['Great toy']
A1VLVWTLV3LVHR,A1VLVWTLV3LVHR,B00B1D7ANK,B00B1D7ANK,1378166400,5.0,"There are tons of toys literally littering my kids toy box. Little pieces, I should say. Let's be honest, toys are just, for the most part, not very durable. When I was a kid, toys lasted forever, easily taking the beating I would dish out over long hot summer days, not to mention the rush of new toys on Christmas morning.The Schleich Dragon Rider Toy reminds me of those toys, in so far as how durable it is. The little rider guy is removable, and the wings are both easily removed and put back with no problem. And none of that weakening after repeated on/off operations.My son loves this toy. He has played with it almost non-stop since I gave it to him. The packaging was easy to open. The toy itself is heavy, at least the dragon is. It feels solid, well built. While pricy for a toy of this nature, the level of detail and craftsmanship justifies the price.Schleich Dragon Rider Toy is a good toy, one that will last a very long time!",['for the most part']
A1163KPPHHDAHU,A1163KPPHHDAHU,B008AWFWA8,B008AWFWA8,1393027200,5.0,"My son is completely head over heels for his Bubble Puppy.  He doesn't go to sleep without it.  The world stops spinning when it is lost and we have to find it immediately.  I am going to buy a couple backups for the day it either breaks or really gets lost.  Buy this and I guarantee that you will be the best mom or dad ever.  That is if your child watches Bubble Guppies.  Let's face it, they do.","[""Let's face it""]"
A3R144P0AZSY90,A3R144P0AZSY90,B0042TBGC6,B0042TBGC6,1385337600,5.0,"Very pretty shoes.  Gold thread mesh on pink is very fancy and looks nice on dolls, fit well.  Very happy with purchase.",['Very Happy with purchase']
A2MBLVMVDLHK1L,A2MBLVMVDLHK1L,B004U5FTBG,B004U5FTBG,1318982400,5.0,"This is a great toy to give to kids when you're running errands or standing around talking to grownups and being boring, because it travels easily and can recharge while you're in the car. It's extremely speedy, and even though I rammed it into lots of stuff while learning to control it smoothly, it's still running along happily.The charge seems to last for about a half hour of play, and everyone who has played with it has had fun (except for one napping cat who was offended at being woken by it). It is definitely best on very smooth surfaces, like hallways, or flooring. It worked on one type of sidewalk, but not another (marginally less smooth) type of sidewalk.My only criticism of this very fun toy is that I wish the tires had been designed better. They are plastic, not rubber, so the car spins out easily. And the tires are so small that you can't possibly run the car on many outdoor surfaces, even rather normal-seeming sidewalks, as the height of the car is such that it gets stuck on the aggregate and won't go. A taller, rubberized tire would make a world of difference in how usable this toy is.That said, it's loads of fun, very durable and speedy, and I've had a blast playing with it. Definitely a hit in my household!","[""it's loads of fun""]"
A32T2H8150OJLU,A32T2H8150OJLU,B002ZCXNQE,B002ZCXNQE,1356048000,5.0,"This is the biggest puzzle I have ever attempted - and it's a good one, well.  My two daughters (ages 13 and 22) were my main co-workers, and it's taken us a while, but we did it!  I'd say that all in all we probably averaged between 30-60 mins a day (combined time) working on this puzzle.We opened the box and poured out the pieces on 6 October.  By the end of that day we had found and assembled all but 2 or 3 edge pieces.  Then the REAL work began.  The short version is that we finished it tonight, 21 Dec - Whew! I'm sure glad the world didn't end before we could wrap this up!Here's how we did it.  Edges first - no mystery there for practiced puzzle assemblers.  Next we did the birds.  Their bright colors made them easy to work on.  As we did this we also pieced together the hippos, though it took quite a while before they were all the way done.  Next was the outline of the rhino - the first time through you will have a hard time telling the difference between rhino and elephant pieces, but overall, the rhino has more of a yellow hue, while the elephants are more gray. While this was going on we also stared to piece together the trees in the upper right-hand corner.  Then we tackled the giraffes and gazelles.The hardest part?  I'd say it was a toss-up between the big zebras and the elephants.  But probably because they were smaller, we finished the zebras before the elephants, and finding the odd piece here and there.My older daughter came up with the quote of the day as we prepared to take on the elephants in earnest.  She said,""There comes a time in every puzzle when you have to buckle down and do the elephants"".You just have to buckle down and do it.As for the puzzle itself...I found it to be well made.  The pieces fit together nicely.  There was a nice assortment of pieces, and it was a challenge to complete.At first we thought that we were one piece short, but we found it!  It was 8 months later, but still, we found it!So that's my experience with this puzzle.  Oh, one more thing...you need to make sure that you have a LOT of space for the puzzle and the pieces.  It took an entire ping pong table to accommodate the pieces when we did it.All in all, a very nice puzzle.",['One more thing']
AP8D74QD9LUUL,AP8D74QD9LUUL,B00CP4J7OY,B00CP4J7OY,1395446400,5.0,"This tablet is perfect for a child who is interested in having his/her own tablet, but is not ready for the responsibility of caring for an expensive grown-up tablet.The apps/games it comes with are minimal, but my 3-year old grandson greatly enjoys the built-in camera and pet care app that comes pre-installed. There are not a huge number of items (there are apps, storybooks and videos) that can be downloaded from the Leapfrog site, but there are enough to keep a young child entertained.  Those that are available are educational, reasonably priced for the most part, and feature characters that your child will already be familiar with like Team Umizoomi and Doc McStuffins.  If I had one nitpick it would be that you can't get Angry Birds for this tablet, which is the 3-year-old's favorite game.This tablet has been treated rather roughly, and dropped more than once, but seems no worse for wear.By the time your child is 5-6 they will probably outgrow this, but if your 3-year-old is jealous of your or his/her older sibling's tablet, this is a good option.",['this is a good option']
A1XJOSJN6FHFO0,A1XJOSJN6FHFO0,B00B28GVLG,B00B28GVLG,1381968000,5.0,"I remember this game from years ago when we would all sit around as a family and play it...GREAT FUN!  My daughter still has the original box and all the pieces including the game cards that we used.  This game is exactly like the original one. It was such a joy to see it all bright and new looking. Of course I had my family sit down and we played game after game, and loved every minute of it. Old memories mixed with new ones, it was great.  Listen, sometimes you just have to walk away from all the new tech that is constantly being thrown at us, take a deep breath, and relive some joys of yesteryear. If you loved playing Yahtzee and you would like to keep the fun  going from generation to generation, this is for you. Feels just like going home again. Enjoy! Well worth your time.",['Great fun']
A2ZO5SU0ESSB1N,A2ZO5SU0ESSB1N,B00BRCN9TO,B00BRCN9TO,1370304000,5.0,"My daughter loves her tag reader and the books. She is an early reader and the books are perfect as they let her read when she can, and be read to when she needs to. She loved to grab her books and 'pen' and go off into a chair by herself and read. Any parent would be happy to see that! Like other reviewers, my only complaint is the lack of available memory on the reader itself- it appears that 10 books is about all it can handle. Within days of getting the reader we had almost that many added to it! I can see we will have to 'delete' older books to add new ones- something that is sure NOT to make the kid happy.But the ease of use is what sells the reader. My daughter loves the Disney tie ins with the books, as she loves the movies. You have to have seen the previous Monster movie to understand who the characters are in this book, which she did so we were fine there. I was NOT impressed with the durability of the 3d glasses (they tore by the 3rd use) and the fact that only 2 pages seem to really be able to use them, making them seem like an expensive add on.The book has my daughter ready to see the movie, and I'm happy she's reading, so it's a win-win for us!",['Like other reviewers']
A1FXY0GUFHEI59,A1FXY0GUFHEI59,B00CJHZRW8,B00CJHZRW8,1372464000,5.0,"My previous favorite toy wasMagna-Tiles Clear Colors 100 Piece Set.  I bought them when my oldest grandson was 3.  He just turned 6.  They have entertained him, and his cousins for hours and hours in the short time we have had them.  I love seeing how creative in their constructions they can be.The Magformers Wow Set was a Lightning Deal and I thought it might be a good addition since it had some wheels and can make cars/trucks/trains. etc.  After I ordered it, I decided 16 pieces would not be enough, so I also ordered a 62 piece set.  They both arrived today while the 6 year old was here.  We had the best time with them.  They can do things the Magnatiles cannot do.  I am most impressed with the instructions on how to lay the pieces out flat and then lift by one of the center pieces, pulling it into a 3-D figure.  You can't do that with the Magnatiles since they are solid and have no opening in the center to pick them up.  I am a retired geometry teacher, so to be able to have children translate what they want their 3-D figure to look like when finished into the 2-D model is HUGE.  I don't expect my 6 year old grandson to be able to do this for awhile, but he can make the pattern the picture shows and see how it will pull into the 3-D figure.  I want toys he can grow with and this is definitely one of those.  I have 7 grandchildren, so I expect these will be a favorite toy to play with at grandma's house.  I ordered another set this afternoon because I saw that there are sets with pentagons and we didn't have any in the sets I already purchased.  Yes, these are an investment, but I expect they will be a favorite for many, many years.  Possibly even longer than Legos, since we really haven't gotten into those yet.",['many years']
A35MDIBPAX9X7U,A35MDIBPAX9X7U,B00270WHQG,B00270WHQG,1333670400,5.0,"Kiddos love to water plants-- its all about copying the grown-up, playing with water, and being independent. We've tried a few different watering cans, but they are usually way to heavy for little ones and not sized for kiddo hands.This Melissa & Doug Watering Can is a HIT! It is bright and colorful, sized PERFECTLY for young children, and holds enough water to be fun without getting too heavy. Its super durable, made of very strong plastic, and high quality.Can't recommend this enough-- perfect for spring and summer in the garden with children.",['and high quality']
A19FRW264WZTGP,A19FRW264WZTGP,B00DI2CNKC,B00DI2CNKC,1388880000,4.0,"This is an excellent adjustable height tee.  I am a little biased because I'm short on space and I like my SKLZ collapse/travel one.  But if you have growing kids and space is not a problem, this is a great choice.I have many SKLZ products.  They are not always the best, but they are decent and worth the money.  I recommend this.",['this is a great choice']
A1VYFEJM12ZP11,A1VYFEJM12ZP11,B007J3FAJ2,B007J3FAJ2,1349308800,4.0,"Construction was time consuming.  There were 30+ steps to follow and many parts, but aside from the time it took I'd say that it was pretty easy when following the directions.  Without directions, I'd say it would be very frustrating.A word of caution, this thing is HUGE.  DO NOT ASSEMBLE in a room with a small door.  We almost were not able to move this out of the room that we assembled it in.  We had to really maneuver it and squeeze it to fit it through what I thought was an average sized door (door to our home office).This thing is for children up to 3.  I think that is a fair assessment.  I felt like they could have added a few more features and this thing would have been cool for kids much older than three - but probably that was cost prohibitive.Many of the activities on this play set felt a little like afterthoughts thrown in - like the inflatable ball that just hangs from a pipe, and the green gate thing, and there is a plastic spinner part on one of the pipes.  I was also let down by the cannon thing on top.  It doesn't really shoot balls.  You put the ball in and it kind of falls out onto the trampoline.  In fairness - this toy isn't meant to impress an adult or an older kid it is meant to be fun for a little kid so that will probably suffice.The scale of this toy is so impressive though, especially to a toddler.  They are drawn to it like a magnet.  It is hours of fun.  And since there is a volume control for the music that plays parents shouldn't be too annoyed.",['This thing is huge']
A337T56JH8J5YZ,A337T56JH8J5YZ,B008G3JZIG,B008G3JZIG,1360022400,5.0,"This toy is durable and fun. It also helps my daughter work on her fine moter skills. Great price, great product.","['Great product', 'great price']"
A1JE7ZFZ71MR13,A1JE7ZFZ71MR13,B000ETRENI,B000ETRENI,1288569600,5.0,"This toy is great.  When they are crawling or even just rolling you can take two of the legs off so they can play with it.  It keeps my son entertained for at least a half hour.  When he gets bored with it he rolls over and kicks the keyboard and that entertains him for another few minutes.  This toy is durable, fun and great for all ages.  My niece loves it too and she is 18 months old.  I would purchase this again in a heartbeat!",['this toy is great']
A1JHXOJ6203FDL,A1JHXOJ6203FDL,B002Q7IE9O,B002Q7IE9O,1293580800,5.0,Purchased as a Christmas gift for our 4-year old.  Great toy!  I love the open-ended play and seemingly endless possibilities of this track.  We purchased add-on packs as well but the core set is a great starting place.  He has constructed and re-constructed track after track and is very interested in this toy.  The pieces are well constructed and easy to use.,['Great toy']
A3C9YGB4H90PDE,A3C9YGB4H90PDE,B004UC4RVM,B004UC4RVM,1316044800,3.0,"I loved the idea of this version of Simon, but unfortunately it didn't work as well as one would hope. We read the instructions and lined up the cubes and pressed them as directed. Most of the time the cubes did not respond as they should have. It took far more fiddling to get it to the correct mode than we though it should. Mostly we found it frustrating. Another concern is that each cube takes 2 AAA batteries, for a total of 8. That would get expensive with much playing.On the positive side, it's cool how there are 4 different modes, or games, you can choose from to keep it interesting. I also liked the storage case, and that it can be used for Simon Classic.",['On the positive side']
AGNNY2OUDZ6YW,AGNNY2OUDZ6YW,B000HAVGMY,B000HAVGMY,1388275200,5.0,"This is a very cute toy. I bought it for my 2 1/2 year old grandson, and he loved it. The toy is well made and sturdy compared to other fishing toys I've seen.",['This is a very cute toy']
A1NOBRCN20NGD5,A1NOBRCN20NGD5,B004KZ597A,B004KZ597A,1358380800,4.0,"This is a great little game from Ravensburger that my oldest boy, 2 and a half years old, already loves. We don't play it as a game yet, but it works as a puzzle just as well. He is able to sort out the pieces and his color/shape recognition is improving after a few tries. I can already tell that he learning and using this game to learn the shapes and colors faster is a great toolThe only drawback that I see is that there aren't extra pieces in the game and no extra pieces sold. It will be easy to lose one of these pieces, and then you're stuck with a game/puzzle that you can't use as well.Your kids will enjoy it, from ages 2 and up. Great idea, great little game. Recommended.","['Great idea', 'Great little game']"
A3N3WE6U6N794O,A3N3WE6U6N794O,B0095ZMTE6,B0095ZMTE6,1389312000,5.0,"The set is awesome, but I'm not going to get into the details as others have.  Just beware...the set is available at most major box stores as well as at the manufacturer's (as of 1/10/14) at much lower prices.  So do your research online and be sure to get a fair price (which right now is less than $200 for sure!).  Five minutes of web searching could save you a lot of money.Once this set retires, it will be a different story so if you're on the fence...get moving!GOOD LUCK!","['Good luck', 'the set is awesome']"
A1YTXJE0ZS0IK7,A1YTXJE0ZS0IK7,B0060FN7B8,B0060FN7B8,1379289600,5.0,"to let the kids get creative with their tracks. We bought our train table and track second hand, so we have a mish mash of different sets and no plans to actually know how things are supposed to go together. These let us easily use all of our pieces and make all kinds of configurations. Great buy.",['Great buy']
A3HP7JU4ZORF52,A3HP7JU4ZORF52,B00164CKIO,B00164CKIO,1295740800,4.0,"I collect robots and I was overjoyed with my hubby bought me this. Robot toys are usually very expensive but this is affordable, and for the price it is rather advanced, it is also extremely cute. Let us just say that with my little, yellow robot started a great love for Hexbug toys.Now this robot walks around, and when it hit something it changes direction due to sensors build into the toy, however it is the second feature of the robot which I like the most. If you clap your hands over the robot or produce any loud clapping sound it will change directions, in fact by clapping at the right times you can control where the robot go by sound and make it walk in the direction you desire, it might be that I am just childish, but I found that to be extremely entertaining.This little robot is fun, it is colorful and it have two very interesting functions. I think any kid would love one. However remember that this is a robot, it is somewhat fragile and therefore is not suitable to the youngest kids. This toy is also great for adults who like electronic toys or robots. This is a simple toy, it is somewhat limited as to what it do, but for what it is I think it is great value for your money and I highly recommend it.",['This is a simple toy']
A9EVBE6MJ4YX4,A9EVBE6MJ4YX4,B002Q7IE9O,B002Q7IE9O,1292284800,5.0,"My 6 yr old son got htis for his birthday a few weeks ago and loves it. Some starter sets come with so little you really can't have any fun with them.  Not so with this set. Set comes with 1 car, a good amount of track, one loop, one curve, and one ""jump"" ramp.  Also has the clamp to start the car up high off of any table, etc, and the thing that shoots the car going (whatever they call it). Lots of ways to set this all up.  AND, yes, educational!! How so, you ask?  Well our son realized that he couldn't get the car to go all thru the loop the curve and have enough speed to make the jump at the end.  Ah Ha! So he started re-arranging the set he'd designed. Speed = mass or something like that -- there's a math equation in there, I'm sure.  Pieces all feel like I remember -- pretty durable.  Case is perfect to hold all the stuff and it shows the diffrent add on sets you can get to make an even bigger race track! For the price, and A+ on playing, you just can't go wrong with this set.  Thumbs up all the way!","[""I'm sure""]"
A11AW1AVGA058V,A11AW1AVGA058V,B004K1EZ38,B004K1EZ38,1357689600,5.0,"MY four year old daughter has had a great time doing the crafts included in this box. Great value, and lots of entertainment!",['Great value']
A2RFVSWZOBFDJ,A2RFVSWZOBFDJ,B0039KIW9E,B0039KIW9E,1342051200,5.0,"Ok, before I start, let me clue you in on the fact that you can order this toy from Mattel's collector website at ""MattyCollector"" and you will pay $33 (or less if its on sale like it is the day I type this, for $29.70) plus shipping.This toy is fun!  Very detailed and the He-Man figures can right it with ease!  If you take the mask off you can see a very well detailed tiger face and you can open and close the mouth.  It should be a hit with the kids that just like big cats!  :)It is a must for He-Man fans!",['This toy is fun']
A2LER8S3UAHQDZ,A2LER8S3UAHQDZ,B003V5XV3Y,B003V5XV3Y,1307836800,4.0,"This is such a cool toy for such a low price. It was, as expected, my son's favorite birthday present we gave him. The only complaint I have is that it is too big for him right now. He is 3 years old. His arm isn't long enough to fit through the hand strap. He can use it by holding onto the blue light to pull it up so it makes the shooting and flying noises and lights up. He loves the cloth glove as well, and uses it as his Spiderman glove as well as his Iron Man glove. He also liked how the button on the side makes it say, ""I am Iron Man"". We took away the torpedoes until he is older and won't shoot his sister or lose them.January 2012: My son doesn't play with this toy much any more. I think it's not comfortable enough for him. There should be a smaller version of this toy made for 2-4 year olds. He dresses up like Iron Man often, but never wants to put this one even when I ask him if he wants it.",['He is 3 years old']
A3E7E854VCA4E7,A3E7E854VCA4E7,B007X8ZZRU,B007X8ZZRU,1353801600,3.0,"After the AppBlaster and the AppFishing, here comes the AppDrive.  Last year, when we reviewed the AppBlaster, my husband was quite impressed with the possibilities of the blaster and the games.  Since then we have discovered new products from AppToys which are distributed through SpinMaster.  I tried the AppDrive, while everyone else were busy with other things in the house on Sunday afternoon.  I must admit that I always was challenged with driving games and I think I will always be challenged with them.  Somehow, it looks as though I prefer the off the road trips...  Nevertheless, I have a good understanding on how the game works and how the AppDrive will help the player to enjoy his ride.Essentially, the AppDrive is a device that looks like a wheel and your challenge is to drive whatever vehicle the game you have selected will offer.  You can insert an iPhone, iPod or an android device inside the wheel to play the game.  Check the box to make sure that your device is supported with it.Once you start the game,you are in for a ride!  The game I tried was 2XL MX Offroad which is a game with a four-wheeler that you need to control.  As I mentioned before, I am not gifted with this type of games on the iPod.  However, I enjoyed the graphics and the fact that I could control the four-wheeler myself.  You also have the possibility of choosing the vehicle and the driver.  You can go backward or forward as well as control the direction of the vehicle.  If you hit a tree your drive will be ejected and thrown in the air.  Sometimes,my drive also got squished under the vehicle itself.  But there was no blood whatsoever in the game which is great if you ask me.  I would have no hesitation whatsoever to let my kids play with it.Even though I am more challenge than my kids would be for this sort of game, I have enjoyed driving my four-wheeler and explore the surroundings.  Did I made any jump?  No as I quickly got lost in the woods...  Did I hit some trees?  You bet.  But I am willing to persevere and become better - though I suspect that I am better an puzzle games and quest types of games...Asphalt 7 and 2XL MX Offroad are free apps that can be downloaded anytime via iTunes.  Other apps that will work with the AppDrive are 2XL Supercross HD, Ricky Carmichael's Motocross Matchup Pro, and the 2XL Trophylite Rally HD.The AppDrive will provide tons of fun for anyone who love driving games.  The fact that it simulates a wheel makes it even more interesting.  It would be a great birthday or Christmas gift for someone who likes this sort of games and owns a device that is supported.",['Last year']
A13BX9O5UDBILC,A13BX9O5UDBILC,B007R1Z80W,B007R1Z80W,1373760000,5.0,"This is a great summer toy. Works as advertised and even my 6 year old can do it now. Wish the balloons themselves are a bit better quality, but not a big deal. I would even say that there is some education value as I used the water balloons to teach my kids how to catch a ball properly and even used it for batting practice while cooling off.The product is well made and works as advertised.",['but not a big deal']
AQSW6WDVCJGB8,AQSW6WDVCJGB8,B006ROJI10,B006ROJI10,1339545600,5.0,"What a clever piece of innovative puzzle amusement!  I had reservations about what the Underwater World would entail but was very surprised by the sheer coolness of the product.  First, the pieces are sturdy!  Fairly thick and fits snugly in place with the adjoining pieces witout tatters or splits. That's just plain ol' great craftsmanship!  In this day and age of craptastic, volume selling assembly lines, it's fantastic to know that a company like Ravenburger just... well, gives a durn.  They care and it shows in the alignment of the puzzle pieces, the fact that the pieces wrap flawlessly around a ball(!) and the weight and feel of the construction.  It doesn't feel cheap.The pieces aren't that small but the age recommendation is spot on.  Over 4 to 5 years old due to choking hazard.Highly recommended!",['The pieces are sturdy']
A1GMIHHABWEDPX,A1GMIHHABWEDPX,B005LAZDMY,B005LAZDMY,1398297600,5.0,"I am very pleased with my purchase of the Royalbaby Kids 14&#34; bike. I got the 14&#34; for my average-height 4 year old daughter for her to grow into and use for years. She loved it! The red is beautiful, really well made, great quality. The training wheels are a little rickety, not so sturdy but I actually like that since it makes my daughter pay attention to her balance and prepares her to take them off soon.",['Great quality']
A3POAVTU2XS9B1,A3POAVTU2XS9B1,B000P13PH4,B000P13PH4,1305936000,5.0,"This is a fast-moving, free-for-all of a game.  Everyone plays at once, as fast as they can.  You play your cards as quickly as possible.  New piles start in the center of the table every time somebody plays a one card.  We had to make a house rule that you can only play with one hand at a time, because my kids were laying down cards with both hands.  There's lots of laughing, and some cursing when someone else lays down the card that someone else was just about to lay down.The more people you have, the more fun it is.  Not much of a two-player game, but you can have up to twelve.  The practical limit is 6 to 8 players so that everyone can reach the center of the table.It's alot of fun, and there's no waiting for your turn since everyone plays at once.  It's never boring.I recommend this game, especially for teens and families with teens.",['the more fun it is']
A28G3C33E5GW3P,A28G3C33E5GW3P,B007HHQ4VI,B007HHQ4VI,1347148800,5.0,We love this swing!  It is study and comfortable for our toddler grandchildren!  GREAT product!The swing was delivered quickly too!  We had a bucket type baby swing but it was getting uncomfortable to fit the legs into the holes but this swing is EXCELLENT and I'm probably going to purchase a second one soon because of the kids all wanting to swing on this one!,['Great product']
A1WSPI9D3OV22M,A1WSPI9D3OV22M,B00764ROYI,B00764ROYI,1384732800,5.0,"Love, love, LOVE the dive sticks!!  They stand up on the bottom of the pool so younger kids don't have to go as far down, and they look really cool sitting there!  Made of a nice pliable rubber. Bright colors. The perfect party favor for my daughter's 6th bday pool party.",['Bright colors']
A2EO36JTKXRCF4,A2EO36JTKXRCF4,B008CP6KG8,B008CP6KG8,1369785600,4.0,"Scribblenauts Unlimited is great. This one actually has a story. It explains how Maxwell got his magic notebook and goes on to say Maxwell was using his magic notebook for evil and when he used it on someone, that person cursed his sister into turning into stone, and now he must go get starites to save her. The game's core is still the same, and like every entry, they added a bajillion more words and adjectives for you to mess around with. The puzzles have gotten WAY easier, as if the game wasn't easy enough. The puzzles seem to be a bit more simple and the hints are more obvious. The graphics are still the same, and that's fine with me. One of the new features was to create new items, which basically, instead of letting players use their imagination, it just serves as an option for everyone to make dirty, obscene things and create everything in the world that is copyrighted, in other words, breaking the rule set by Scribblenauts that said no bad words or copyrighted material. However, this feature doesn't seem to be in the 3DS version, or I just can't find it. And trust me, I tried. There really isn't much to say about this game, it's still a fun sandbox game where you can choose whether to make a a creative and/or clever solution, or just go with the obvious, normal way, so you can't blame the game because of the solutions, because there will always be a different way to do a puzzle. I give this game a 3.8/5.0",['In other words']
A16AXQ11SZA8SQ,A16AXQ11SZA8SQ,B00AJCNP24,B00AJCNP24,1362009600,5.0,"I ordered this for my 2-year old grandson.  It took his mom about 15 minutes to put it together, and she liked that the tracks are on both sides of the track pieces.  In other words, if it doesn't fit together one way, just flip the piece over and it should fit.  The pieces fit together solidly, and they connect with magnets, not latches (which makes it easier to put the pieces together).  The only caveat about putting the track together is that it would be easier if the child were NOT in the room.  My grandson was so excited to play with his new Thomas Train that he kept trying to ""help"" put the pieces together.Once the track was together, it kept the grandson busy for hours!  He got all his other wheeled toys out, so that they could make friends with Thomas.  I think it might have even been more fun to watch him play than it was for him to play with this train set (but only because it was so fun listening to him squeal with excitement every time he tried something new with the train set).This set is a winner, and because it's so sturdy, it's worth every penny of the price.",['In other words']
A36RJG7HHV45TQ,A36RJG7HHV45TQ,B00AWNUHB2,B00AWNUHB2,1375056000,3.0,"We gave this to our favorite Test Nephew for his 6th birthday. He *loves* cameras, and always wants to borrow adults' cell phones to take pictures. He loves to be in photos, and photo-bombs every opportunity he notices. And, he loves to look at photos, telling friends and family all about whatever occasion led to the picture in hand.So we thought a camera would be a good birthday present. But he's also *incredibly* active, not always cautious, and altogether too likely to damage something like an ordinary camera. We saw this one, and were interested ... but it said it's for preschoolers and up. Would Test Nephew think it was too simple, something for babies?Not at all! He loves it. He really can take his own pictures, add weird effects (the costumes remind me of the ones you can find on Google Hangouts), and show them on the wall in attempt to hold his captive familial audience's attention. (They're not really going to want to watch the laptop-monitor size blurry slideshow, though.) Test Nephew is bright, and not a three-year-old, but he did figure out the camera very easily almost completely on his own, so that was a big bonus. The camera does indeed seem sturdy enough to stand up to an active small child's use, even when he forgets what he's doing, drops it, and runs off after something else. And, it's big--and therefore both easier for a child's hands to manipulate, and easier to notice if it's at risk of being left behind somewhere.On the down side:Don't get fooled into thinking it takes video. The ""animated"" backgrounds are just that--animated gifs behind your picture, not video. On the other hand, Test Nephew loves them anyway.Why didn't it come with a USB cable? A big selling point for this toy/tool is that it so easily transfers images to a computer. For a social media generation accustomed to calling out, ""Share it!"" as soon as a photo is snapped, this is a big oversight. eBay fixed that for us very cheaply, but I wish we'd realized it right away.Also, Test Nephew couldn't play with it instantly at his birthday party as we'd intended, because I was the silly aunt who didn't notice that we needed to bring him batteries. Ordinary use seems to run the batteries down very quickly, so I'd strongly recommend the added cost of a couple sets of rechargeables.  Of course, that's going to increase the overall investment.Bottom line: it was a great choice for Test Nephew who loves photography and would almost certainly break an ordinary camera. For almost anyone else, the price tag--especially after rechargeable batteries and charger are added--is probably high enough that you'd do better with something altogether different. A calmer kid could probably get a lot more camera with an ordinary, not-for-preschoolers model. The special effects are easily added from all kinds of different phone apps, etc., and even digital projectors can often be found fairly cheaply now--especially if you don't mind secondhand. An active (and often careless) kid like Test Nephew, but without the photography obsession, could have all kinds of creative active toys for less money. So if it's a perfect fit, it's perfect; otherwise, do something different for the kid on your list.","['On the other hand', 'On the down side']"
A969VLBBX8LQ7,A969VLBBX8LQ7,B00CKH9IIQ,B00CKH9IIQ,1378080000,3.0,"I teach Sunday School to 4-6 grade students, of which six are girls.  During the ""social hour,"" I brought Barbie Digital Dress Doll for all of them, along with several of their younger sisters ages 6-8, to see and play with it,  All were excited and found it easy to understand the instructions and to play with it.It is a neat doll, and while it cannot bend its legs and arms like most Barbies, it does hold together nicely, no matter how it is pulled one way or another.  It's dress is securely attached to the doll so that the LED's can show through.  Using the stylus, or ones finger, it was easy to create a design, save it and replay it.  It was, also, easy to whistle or play a tune and watch the LED animation react.  Designs created can be deleted, or if it seems you've gotten everything messed-up, you can use the stylus to hit the ""reset"" button, and start over. It works with the stylus or your finger, with the stylus being a little better because it has a narrow point.Barbie takes two AAA batteries, one located in each leg, and the screws were deep and easy to use.The girls easily took apart and put together Barbie's stand, and the stand had a place to hold the stylus.I could see where some girls could easily grow tried of Barbie Digital Dress Doll because it doesn't wear other dresses; however, on the other hand, children who like electronics and being creative with the lights would find more things to do with Barbie. It is definitely not a ""one trick pony,"" but it isn't a ""traditional"" Barbie in the sense that one can have fun changing its outfits.  So, think about spending this much.  On the other side of the coin, it is totally different from any Barbie they currently would have.Most girls have more than one Barbie, and if they had this one, it would be THE ONE that all of their friends would want to play with when they came over.  The batteries seem to last a long time (I haven't had to change them after days of constant use).If you want to give your child a toy that will have all of their friends talking, Barbie Digital Dress Doll is it, just be aware it has some limitations.",['On the other hand']
A1BF6QPBURWX92,A1BF6QPBURWX92,B0035V1JUQ,B0035V1JUQ,1384387200,5.0,I bought these as favors for my girls's 6th Cupcake Birthday Party.  They're pretty sturdy and last.  You can marker and paint on them too.  Great colors.,['Great colors']
A1Q5GOPLE0XUN2,A1Q5GOPLE0XUN2,B005XVCR48,B005XVCR48,1382054400,5.0,"Great toy for car rides, stroller rides, and taking the to the grandparents house.  Many options for sounds and a volume button for when daddy is watching football, LOL.  Good quality, it lights up, and has many noise options.",['Good quality']
A294BMWLWEKF8C,A294BMWLWEKF8C,B00B3YT030,B00B3YT030,1393545600,5.0,"This is a great party game, as long as no one is particularly sensitive.  This is the third small expansion to the original Cards Against Humanity.",['this is a great party game']
ALHC64J88LVWO,ALHC64J88LVWO,B003FHXMDC,B003FHXMDC,1344816000,4.0,"I purchased the 10th and 11th Doctor's Sonic Screwdrivers at the same time, so some comparison will be made in this review.Authenticity:  About a 3.  It's generally the right shape, design and all.  The jaws are notably plastic and cheaply made, but the paint job overall is well done.  Note that I have seen two other of this model brand new, and neither had as fine a paint job as the one I purchased here.  So I'd say their quality control needs a bit of work.  The 10th version is far more authentic because well... it was the exact model used in the show itself.  The 11th cannot unfortunately make that claim.Fun: I consider this overall more ""fun"" than the 10th version because it actually has a spring-loaded extension mechanism which slaps into place with a rather satisfying ""whack"" (and is great for startling unsuspecting onlookers).  The drawback is that the hilt button ceases to function when extended, requiring one to either have a rather long thumbnail to reach the displaced button inside an opening within the driver (which was not meant to be reached)... or using the default button on the butt-end (which works with no problem but does require one to realign one's hand).  Still, a rather satisfying effect overall and significantly better than sliding a rather largish button (as is the case with the 10th version, authentic as that version may be).Educational value:  It will be a real education trying to install the batteries.  First you will be educated you probably do not have a cross-head screwdriver that small, as well as the price of obtaining one.  Then you will learn just how much torque can be applied to a cheap screw head without stripping it, which will improve your motor-coordination skills. You will then discover that polarity on batteries and direction of placement can be critical to an electrical project, as well as the benefit and necessity of reading instructions despite the delusion you already know how to assemble the device.  Lastly users will learn humility and control of language.  All in all, a rather educational device.Durability:  I'd have to rate that rather low.  As mentioned the jaws are cheap plastic, the device itself is cheap plastic and the electronic and battery compartment appears to be made by the lowest bid in a Chinese sweat-shop.  The instructions are full of cautions and ""avoid this""... which I'd say one would do very well to follow.  I would estimate that dropping it may end its usefulness as a functional item, so I do not recommend doing so.  Nevertheless it has a sufficient feel and weight as well as easy gripability (is that a word?) so overall it should hold up so long as one avoids banging it about or messing with the jaws.As a note:  the extender spring seems a bit stroppy... to the point that it gives me caution triggering it enough times might actually damage the device. Because of this I've developed a habit of holding my finger against the extender body to reduce the impact of ""launch"" somewhat.  It really comes out with quite a ""thwack"".  I think a spring of about half the tension would have been sufficient.  I do not intend to run durability tests to find out how many clicks it will withstand.Sound:  The sound is significantly louder and more satisfying than the 10th version, but still not sufficiently loud to startle onlookers, more's the shame.Light: Like the 10th version the light only comes out the very tip.  I would have enjoyed seeing the entire fore-barrel light up.  As it is the effect is somewhat ""toyish"" and somewhat disappointing.  Nevertheless the extension and sound somewhat makes up for that.Not a pen:  The 10th version was an ink pen, which meant it was actually useful beyond sitting on a shelf or role playing at conventions.  No pen in this.  But in truth since it is significantly larger than the 10th version, it probably wouldn't make a very good pen anyway.  Perhaps a cricket bat...Overall rating:  Four stars because well, it just looks rather incredible and has that spring-loaded extender thing, doesn't it?Should you buy it:  If I were to buy ONE Doctor Who collector's item, it would have to be the 10th Doctor Sonic because well, it's totally the real thing, isn't it? (They actually used the ""toy"" on the show itself.)  The 11th version cannot make that claim.  However this is a very impressive-looking device and quite satisfying overall.  Most Whoobies would relish in having the 10th and 11th Sonic Screwdrivers sitting side-by-side on a display shelf (which is how I have them arranged).  So if you can afford it all at once or in two purchases over time, I'd say this is well worth the purchase.However, having received it and seen both it and the 10th version... I am more tempted than ever before to buy another one of these, pull the guts out and make my own Sonic Screwdriver out of real metal and hang the authenticity.  After all, having a personalized one-of-a-kind hand-made Sonic Screwdriver of one's own design-- well the chance for creativity just shouts, doesn't it?  And of course there's the bragging rights:  ""Yes, I made it myself.""  Then tell the purists you're the 27th Doctor and they can go pout somewhere because you spoiled their ""compulsive authenticity"" fun.  And that's what the Doctor is all about:  the creators doing whatever they can flat well get away with.  Yes?  ;)","['educational value', 'Overall rating']"
A1Z8OFGUAVJAVL,A1Z8OFGUAVJAVL,B00749RTCC,B00749RTCC,1398211200,5.0,"Got this for my daughter's 6th birthday instead of the $60 American Girl locker. It's great. She loved the little lock, which comes with it and has 2 keys, which is great because I keep one in case she loses hers. Has little hooks inside and looks cute. Good deal.","[""it's great"", 'good deal']"
A31VBJNPAWHUN6,A31VBJNPAWHUN6,B001W1WGBM,B001W1WGBM,1261526400,2.0,"If this was literally a Spike Jr., as in a replica of the big one with all the bells and whistles just smaller, he'd be perfect. I think he is too simple for some of the older kids that might enjoy Spike (the big one) but probably great for 2-year-olds and younger. He walks and makes noises, but that's it. He doesn't light up, he doesn't move his head or mouth. We sprung for the big one since we decided that our 3 year old would be done with this toy in about 30 minutes. It's a great idea, but needs some improvements. He's just not that fun.","[""It's a great idea""]"
A27RFQV0G8Z48E,A27RFQV0G8Z48E,B001U3Y5XE,B001U3Y5XE,1291161600,4.0,"This is a great game, but instead of investing in this game, I recommend purchasing a set of Lego Bricks & More that sells for about $50 and use your imagination.  With these blocks you can still play this game and it requires more imagination-instead of cards suggesting what you make, the child makes their own creation and it's easier to adjust the play time.  For example, instead of a 30-60 minute round, you can adjust the play time based on the time available-a quick round before bed allows the child to make one creation for you to guess in about 10 minutes or everyone can join in for an hour+ session.  Also, this allows the child to play & create alone instead of waiting for ""someone to play with me"".Best of both worlds!",['this is a great game']
A1BM8DQ5745A4A,A1BM8DQ5745A4A,B009AW94T2,B009AW94T2,1389139200,5.0,"Of course it is pricey, as are all Calico Critters, but if the price doesn't bother you, this is a nice toy. Super fun little ice cream dispenser and various scoops of ice cream, with cones and a cone holder. I mean, it is a little limited, in that you are just playing 'ice cream truck', but since it is big and drives around, you can use it as a vehicle too, to transport Critters, even if they aren't always eating ice cream!",['this is a nice toy']
AQZH7YTWQPOBE,AQZH7YTWQPOBE,B008VTLRYA,B008VTLRYA,1368835200,3.0,"As other reviews have noted, there are problems with this Enterprise B. One of the biggest is that the side sticker actually says USS Excelsior rather than USS Enterprise B. The good news is that Diamond Select IS making an Excelsior for this fall (preorders are already up on some websites)! Hopefully that version will correct the problems of this ship. So my advice is to wait.",['As other reviews have noted']
A3C9YGB4H90PDE,A3C9YGB4H90PDE,B006BLGBXC,B006BLGBXC,1330214400,3.0,"If your children enjoy playing with PlayDoh and/or toy food, this is a great choice. My kids especially enjoyed the ""swirl"" feature, which makes the PlayDoh take the shape of soft-serve ice cream, though they said it worked better to do it by hand than with the crank. The little fruit and garnish molds are especially cute. I'm not sure about the long-term play value of this toy, though. After the child has made and garnished a couple of ""sweet treats"" to be looked at and admired by all, then what? It's pretty limited in ""scope for the imagination.""",['this is a great choice']
A3G4SO5B3RSWIH,A3G4SO5B3RSWIH,B005GGLG6A,B005GGLG6A,1365724800,5.0,"My girlfriend is going to school to become a doctor, I bought her these pens to relate to her choice of career.They are great, they write in black ink and all look like syringes, in various colors.great price",['great price']
A2BAUWMXPDZDX0,A2BAUWMXPDZDX0,B004XPLOZS,B004XPLOZS,1395964800,5.0,"This was a great deal!  These trucks are actually quite sturdy (they survived 20 boys at our party) and have remained a favorite toy!  The size is slightly smaller than Hotwheels monster trucks, and they are made of a light plastic material. When you pull them back-they go really fast!",['this was a great deal']
A3DZFEICHK5LF2,A3DZFEICHK5LF2,B00508OLNY,B00508OLNY,1348617600,5.0,"This is a nice, fun puzzle.At 500 pieces, its a pretty quick build.  There are a few things that make it a little more difficult (but not much!).  There are two quiches, and three very similar colors of green (table, plate, jar).  Three artichokes.  These slight complications are counterbalanced by the 2 labels, which are very easy, and the slate.  It seemed obvious to me that the picture was composed just for this puzzle.  I appreciate that.I worked this puzzle with my 8 year old daughter.  It was fun and didn't take too long.  You can complete it in one sitting.The quality is excellent.  All the pieces were perfect, there were no paper tags or torn parts underneath.  As with all the Ravensburger puzzles I've built, the pieces click together in a satisfying way.Overall, I would recommend it.",['The quality is excellent']
A3JEPPCGV55FAQ,A3JEPPCGV55FAQ,B00ANLNU4Y,B00ANLNU4Y,1381968000,5.0,"We got the Ravensburger Science X Electronics and Circuitry Activity Kit for our 13-year-old. He's interested in electronics and we thought these projects would help him learn some basics about working with circuits. As other reviewers have noted, the projects aren't overly sturdy, so the finished projects probably won't be around for years to come. However, I think the quality of the product is commensurate with the price, which at the time of this review was only $26.59. In all, your budding electronics genius will be able to build eight projects form this kit. I think our favorite was the loudspeaker.The Ravensburger Science X Electronics and Circuitry Activity Kit is of appropriate value and quality for the price point. My overall rating is 5 out of 5 stars.",['As other reviewers have noted']
